Arnaud;Carayol;acarayol;330625
Carine;Pivoteau;cpivoteau;128164
Pablo;Rotondo;protondo;636804
Rémi;Forax;rforax;389376
Étienne;Duris;éduris;75076
Cyril;Nicaud;cnicaud;7056
Nadim;Francis;nfrancis;84100
Claire;David;cdavid;866761
